--RESTAURANTS
INSERT INTO RESTAURANTS (RESTAURANT_ID, NAME, CATEGORY, IMAGE_URL) VALUES ('1', 'Hamburgherello', 'hamburger', 'https://media.timeout.com/images/105187765/image.jpg');
INSERT INTO RESTAURANTS (RESTAURANT_ID, NAME, CATEGORY, IMAGE_URL) VALUES ('2', 'Er fusillo', 'pasta', 'https://assets.suitcasemag.com/images/landscape/198751-pasta-table-spread.jpg');
INSERT INTO RESTAURANTS (RESTAURANT_ID, NAME, CATEGORY, IMAGE_URL) VALUES ('3', 'Da Gino', 'pizza', 'https://lh5.googleusercontent.com/p/AF1QipObQc9QrNuvVNnm35xYjz7GJforL0REpY8e0D6r=w408-h268-k-no');
INSERT INTO RESTAURANTS (RESTAURANT_ID, NAME, CATEGORY, IMAGE_URL) VALUES ('4', 'Drinkesso', 'drinks', 'https://images.unsplash.com/photo-1600891964599-f61ba0e24092?ixlib=rb-4.0.3&ixid=MnwxMjA3fDB8MHxzZWFyY2h8Mnx8cmVzdGF1cmFudCUyMGZvb2R8ZW58MHx8MHx8&w=1000&q=80');
INSERT INTO RESTAURANTS (RESTAURANT_ID, NAME, CATEGORY, IMAGE_URL) VALUES ('5', 'Night shade', 'drinks', 'https://picjumbo.com/wp-content/uploads/glasses-with-champagne-nye-party-celebration-night-drinks-free-photo-2210x1473.jpg');

--MENUS
INSERT INTO MENUS (MENU_ID, NAME, RESTAURANT_ID) VALUES ('1', 'Hamburgerini tosti tosti',  '1');
INSERT INTO MENUS (MENU_ID, NAME, RESTAURANT_ID) VALUES ('2', 'Pasta elicoidalissima',  '2');
INSERT INTO MENUS (MENU_ID, NAME, RESTAURANT_ID) VALUES ('3', 'Pizzette',  '3');
--INSERT INTO MENUS (MENU_ID, NAME, RESTAURANT_ID) VALUES ('4', 'Pizzone',  '3');
INSERT INTO MENUS (MENU_ID, NAME, RESTAURANT_ID) VALUES ('5', 'Gin tonic',  '4');
--INSERT INTO MENUS (MENU_ID, NAME, RESTAURANT_ID) VALUES ('6', 'Grappe & polente',  '4');
INSERT INTO MENUS (MENU_ID, NAME, RESTAURANT_ID) VALUES ('7', 'Long drinks', '5');
--INSERT INTO MENUS (MENU_ID, NAME, RESTAURANT_ID) VALUES ('8', 'Short drinks',  '5');

--DISHES
INSERT INTO DISHES (DISH_ID, NAME, DESCRIPTION, IMAGE_URL, PRICE, MENU_ID) VALUES ('1', 'Hamburger Vegano', 'Molto buono e consigliato.', 'https://www.my-personaltrainer.it/2020/09/07/hamburger_900x760.jpeg', '23.99', '1');
INSERT INTO DISHES (DISH_ID, NAME, DESCRIPTION, IMAGE_URL, PRICE, MENU_ID) VALUES ('2', 'Hamburger Anoveg', 'Puzza un po ma è il formaggio.', 'https://s7d1.scene7.com/is/image/mcdonalds/DC_202006_0001_Hamburger_Alt_832x472:1-3-product-tile-desktop?wid=765&hei=472&dpr=off', '19.99', '1');
INSERT INTO DISHES (DISH_ID, NAME, DESCRIPTION, IMAGE_URL, PRICE, MENU_ID) VALUES ('3', 'Pasta con le eliche che girano', 'vroom vroom', 'https://www.budgetbytes.com/wp-content/uploads/2013/07/Creamy-Spinach-Tomato-Pasta-bowl-500x500.jpg', '12.74', '2');
INSERT INTO DISHES (DISH_ID, NAME, DESCRIPTION, IMAGE_URL, PRICE, MENU_ID) VALUES ('4', 'Pasta con muzzarella', 'gnam gnam', 'https://www.thechunkychef.com/wp-content/uploads/2017/08/One-Pot-Chicken-Parmesan-Pasta-feat-500x450.jpg', '12.99', '2');
INSERT INTO DISHES (DISH_ID, NAME, DESCRIPTION, IMAGE_URL, PRICE, MENU_ID) VALUES ('5', 'Pizza ca a pummarola ncopp', 'Aumm aumm magnamm', 'https://madensverden.dk/wp-content/uploads/2021/06/hjemmelavet-pizza-500x375.jpg', '11.90', '3');
INSERT INTO DISHES (DISH_ID, NAME, DESCRIPTION, IMAGE_URL, PRICE, MENU_ID) VALUES ('6', 'Pizza wurstel e patatine', 'Attenzione potrebbe essere surgelata', 'https://www.my-personaltrainer.it/2020/10/13/pizza_900x760.jpeg', '1.12', '3');
INSERT INTO DISHES (DISH_ID, NAME, DESCRIPTION, IMAGE_URL, PRICE, MENU_ID) VALUES ('7', 'Gin Tonic Henriks', 'Gin tonic con jimmy hendrix', 'https://madensverden.dk/wp-content/uploads/2017/10/gin-and-tonic-drink.jpg', '22.65', '5');
INSERT INTO DISHES (DISH_ID, NAME, DESCRIPTION, IMAGE_URL, PRICE, MENU_ID) VALUES ('8', 'Solo GIN', 'Pesa un po alito.', 'https://tendercrate.com/wp-content/uploads/2019/03/GinTonic002.jpg', '12.12', '5');
INSERT INTO DISHES (DISH_ID, NAME, DESCRIPTION, IMAGE_URL, PRICE, MENU_ID) VALUES ('9', 'Solo tonic', 'E Uma Turman ti fa ciao ciao', 'https://encrypted-tbn0.gstatic.com/images?q=tbn:ANd9GcRceDkJIuEiuN4g_E1e_4vReJmZVRf4m26dEg&usqp=CAU', '11.19', '5');
INSERT INTO DISHES (DISH_ID, NAME, DESCRIPTION, IMAGE_URL, PRICE, MENU_ID) VALUES ('10', 'Polenta', 'O forse grappa?', 'https://www.wine-searcher.com/images/labels/60/57/11116057.jpg', '15.98', '5');
INSERT INTO DISHES (DISH_ID, NAME, DESCRIPTION, IMAGE_URL, PRICE, MENU_ID) VALUES ('11', 'Grappa', 'O forse polenta?', 'https://www.google.com/url?sa=i&url=https%3A%2F%2Ffrescolat.it%2Fricetta-polenta-funghi-e-bastardo-del-grappa%2F&psig=AOvVaw0EgxY4kT9bcpwtkAc7mTty&ust=1683910095391000&source=images&cd=vfe&ved=0CBEQjRxqFwoTCOjZv4rc7f4CFQAAAAAdAAAAABAF', '12.94', '5');
INSERT INTO DISHES (DISH_ID, NAME, DESCRIPTION, IMAGE_URL, PRICE, MENU_ID) VALUES ('12', 'Drink molto lungo', 'Lunghissimoooooo', 'https://offloadmedia.feverup.com/secretmanchester.com/wp-content/uploads/2021/07/28060328/119597072_3771976242831917_2956277655473670217_n.jpeg', '11.11', '7');
INSERT INTO DISHES (DISH_ID, NAME, DESCRIPTION, IMAGE_URL, PRICE, MENU_ID) VALUES ('13', 'Drink poco corto', 'Non disseta verametne', 'https://image.cnbcfm.com/api/v1/image/106490814-1587005939408margaritafromkate.jpg?v=1587006608', '0.98', '7');

--TABLES
INSERT INTO `TABLES` VALUES (1,'A01',1,1),(2,'B02',1,1),(3,'A02',1,1),(4,'B03',1,1),(5,'A03',1,1),(6,'B04',1,1),(7,'A04',1,1),(8,'B05',1,1),(9,'A05',1,1),(10,'B06',1,1),(11,'A06',1,1),(12,'C01',1,1),(13,'A07',1,1),(14,'C02',1,1),(15,'A08',1,1),(16,'C03',1,1),(17,'A09',1,1),(18,'D09',1,1),(19,'A07',1,1),(20,'C02',1,1),(21,'A08',1,1),(22,'C03',1,1),(23,'A09',1,1),(24,'C04',1,1),(25,'A10',1,1),(26,'D10',1,1),(27,'A08',1,1),(28,'C03',1,1),(29,'A09',1,1),(30,'C04',1,1),(31,'A10',1,1),(32,'C05',1,1),(33,'A11',1,1),(34,'D11',1,1),(35,'A09',1,1),(36,'C04',1,1),(37,'A10',1,5),(38,'C05',1,5),(39,'A11',1,5),(40,'C06',1,5),(41,'A12',1,5),(42,'D12',1,5),(43,'A10',1,5),(44,'C05',1,5),(45,'A11',1,5),(46,'C06',1,5),(47,'A12',1,5),(48,'C07',1,5),(49,'A13',1,5),(50,'D13',1,5),(51,'A11',1,5),(52,'C06',1,5),(53,'A12',1,5),(54,'C07',1,5),(55,'A13',1,1),(56,'C08',1,1),(57,'A14',1,1),(58,'D14',1,1),(59,'A12',1,1),(60,'C07',1,1),(61,'A13',1,1),(62,'C08',1,1),(63,'A14',1,1),(64,'C09',1,1),(65,'A15',1,1),(66,'D15',1,1),(67,'A13',1,1),(68,'C08',1,1),(69,'A14',1,1),(70,'C09',1,1),(71,'A15',1,2),(72,'C10',1,2),(73,'A16',1,2),(74,'D16',1,2),(75,'A14',1,2),(76,'C09',1,2),(77,'A15',1,2),(78,'C10',1,4),(79,'A16',1,4),(80,'C11',1,4),(81,'A17',1,4),(82,'D17',1,4),(83,'A15',1,2),(84,'C10',1,2),(85,'A16',1,2),(86,'C11',1,2),(87,'A17',1,2),(88,'C12',1,2),(89,'A18',1,2),(90,'D18',1,2),(91,'A16',1,2),(92,'C11',1,2),(93,'A17',1,2),(94,'C12',1,2),(95,'A18',1,2),(96,'C13',1,2),(97,'A19',1,2),(98,'D19',1,2),(99,'A17',1,2),(100,'C12',1,2),(101,'A18',1,2),(102,'C13',1,2),(103,'A19',1,2),(104,'C14',1,2),(105,'A20',1,2),(106,'D20',1,2),(107,'A18',1,2),(108,'C13',1,2),(109,'A19',1,2),(110,'C14',1,2),(111,'A20',1,2),(112,'C15',1,2),(113,'A21',1,2),(114,'D21',1,2),(115,'A19',1,2),(116,'C14',1,2),(117,'A20',1,2),(118,'C15',1,2),(119,'A21',1,2),(120,'C16',1,2),(121,'A22',1,2),(122,'D22',1,2),(123,'A20',1,2),(124,'C15',1,2),(125,'A21',1,2),(126,'C16',1,2),(127,'A22',1,2),(128,'C17',1,2),(129,'A23',1,2),(130,'D23',1,2),(131,'A21',1,2),(132,'C16',1,2),(133,'A22',1,2),(134,'C17',1,2),(135,'A23',1,2),(136,'C18',1,2),(137,'A24',1,2),(138,'D24',1,2),(139,'A22',1,2),(140,'C17',1,2),(141,'A23',1,2),(142,'C18',1,2),(143,'A24',1,2),(144,'C19',1,2),(145,'A25',1,2),(146,'D25',1,2),(147,'A23',1,2),(148,'C18',1,2),(149,'A24',1,2),(150,'C19',1,2),(151,'A25',1,2),(152,'C20',1,2),(153,'A26',1,2),(154,'D26',1,2),(155,'A24',1,2),(156,'C19',1,2),(157,'A25',1,2),(158,'C20',1,2),(159,'A26',1,2),(160,'C21',1,2),(161,'A27',1,2),(162,'D27',1,4),(163,'A25',1,4),(164,'C20',1,4),(165,'A26',1,4),(166,'C21',1,2),(167,'A27',1,2),(168,'C22',1,2),(169,'A28',1,2),(170,'D28',1,2),(171,'A26',1,2),(172,'C21',1,2),(173,'A27',1,2),(174,'C22',1,2),(175,'A28',1,2),(176,'C23',1,2),(177,'A29',1,2),(178,'D29',1,2),(179,'A27',1,2),(180,'C22',1,2),(181,'A28',1,2),(182,'C23',1,2),(183,'A29',1,3),(184,'C24',1,3),(185,'A30',1,3),(186,'D30',1,3),(187,'A28',1,3),(188,'C23',1,3),(189,'A29',1,3),(190,'C24',1,4);

--SEATS

